"","variable","year","mean","sd","lower","upper"
"1","b_t",1996,16816.8831977692,9411.27112826626,8603.15104698061,32678.9853749108
"2","b_t",1997,15445.8516022897,11022.1644212014,6659.59550698009,32989.6702075861
"3","b_t",1998,11455.620398101,7521.61719337981,4860.20721911203,24616.1179196932
"4","b_t",1999,15311.2127824043,10277.8598112002,6721.91132619217,32869.3374854437
"5","b_t",2000,21829.2343979682,15244.388848659,8952.63367803983,46833.5243187292
"6","b_t",2001,13652.786312915,9803.82965337029,5461.96541464136,30269.3054271649
"7","b_t",2002,13695.1833850365,9385.15410941093,5743.74062032037,30466.4947334115
"8","b_t",2003,14840.8875229317,10019.123385233,6099.44583721138,32337.9090669676
"9","b_t",2004,13717.0246319296,9154.46964627941,5969.06482579341,28967.0793464451
"10","b_t",2005,18774.9304652936,12421.5143877851,8199.93278656798,40810.3034434976
"11","b_t",2006,20073.1572979708,13395.0137937038,8779.37736739181,43031.1381109501
"12","b_t",2007,16854.9982402077,11507.2680472576,7349.30670885719,35140.0478909555
"13","b_t",2008,15633.7902205703,11000.3990866403,6574.28827893136,33110.0776213253
"14","b_t",2009,17028.4017749657,11204.4431641773,7575.35079719575,36747.6289816017
"15","b_t",2010,16934.5814674827,11705.3757078002,7426.50806104527,36828.3974412142
"16","b_t",2011,16367.6509050551,10629.5968231146,7272.29227857056,35710.7518360295
"17","b_t",2012,17095.9877024765,11677.5953533463,7436.17811639613,36581.8369989992
"18","b_t",2013,16068.9440486324,10929.3986029312,7160.13692780963,34205.8589973125
"19","b_t",2014,10952.8030415917,6457.02714540073,5297.52585659286,22295.6512258335
"20","bmsy",1996,11743.6152804736,6123.72905911793,6402.55802594223,22920.0137855696
"21","ck",1996,0.113359044977041,0.0395814163169745,0.0492582623605087,0.176335774825092
"22","ck",1997,0.120789132956049,0.0421757695565282,0.0524868818597803,0.187893655548792
"23","ck",1998,0.0618002587983778,0.0215787083641256,0.0268542608351578,0.0961334538572579
"24","ck",1999,0.10683261634683,0.0373025925254747,0.0464223128003377,0.166183582297518
"25","ck",2000,0.224057315204842,0.0782337737035683,0.0973603299003323,0.348532578850481
"26","ck",2001,0.0920226436859679,0.0321314154601481,0.0399868887984112,0.143145914638793
"27","ck",2002,0.0887594293708626,0.0309920035643981,0.0385689140183257,0.138069818375006
"28","ck",2003,0.120939742847516,0.0422283577978705,0.0525523268496304,0.188127936914813
"29","ck",2004,0.0776142974023493,0.0271004737050676,0.0337259847694183,0.120732997289456
"30","ck",2005,0.159345265171447,0.0556383593401582,0.0692407992614059,0.247869685250152
"31","ck",2006,0.181886545594251,0.0635090661277231,0.0790357327423043,0.282933796364618
"32","ck",2007,0.161001973977577,0.0562168299949235,0.0699606941497571,0.250446780276382
"33","ck",2008,0.121642589007692,0.0424737695908013,0.0528577368022642,0.189221249956244
"34","ck",2009,0.148451149688711,0.0518344765497315,0.064506944995582,0.23092333310797
"35","ck",2010,0.162206853109308,0.056637535925662,0.0704842540685579,0.252321031204549
"36","ck",2011,0.145890781533782,0.0509404764469123,0.0633943801681303,0.226940549885614
"37","ck",2012,0.153120056324169,0.0534647120313429,0.0665357396809351,0.238186055454619
"38","ck",2013,0.170992430111515,0.0597051833372964,0.0743018784764804,0.265987444222437
"39","ck",2014,0.14247695732721,0.0497484763098201,0.0619109603981947,0.221630172255807
"40","crashed",1996,0,0,0,0
"41","delta",1996,100,0,100,100
"42","dep_t",1996,0.711283845835747,0.0700855897637966,0.602106230020004,0.82824897313838
"43","dep_t",1997,0.637093106659342,0.148996679474332,0.431911698963495,0.886798189313943
"44","dep_t",1998,0.475176656713525,0.106350638751869,0.331160634552889,0.659112754896475
"45","dep_t",1999,0.634628957800748,0.13880431512692,0.43995625088058,0.875487832579934
"46","dep_t",2000,0.903033500983629,0.237474677865147,0.583500731233876,1.32786145092612
"47","dep_t",2001,0.558156425777792,0.13719473088682,0.371765444322873,0.806428886816659
"48","dep_t",2002,0.564021627887013,0.138258823337801,0.3768126516587,0.803382982383777
"49","dep_t",2003,0.614155995074623,0.146952829067489,0.414491581002029,0.879456026258234
"50","dep_t",2004,0.568938333035848,0.127679673977839,0.387451931623414,0.793945865535586
"51","dep_t",2005,0.780549571505961,0.173607782587997,0.535868900876342,1.07637241066216
"52","dep_t",2006,0.831494039347778,0.187882308614433,0.57027225875233,1.15957102019825
"53","dep_t",2007,0.697860027759374,0.161140220281785,0.475338550966689,0.971150445368115
"54","dep_t",2008,0.643521146714942,0.148436872721652,0.438617202392815,0.89325055414206
"55","dep_t",2009,0.708465672730677,0.1633940876112,0.479174143127878,0.995147503497297
"56","dep_t",2010,0.69950022213112,0.160672900797348,0.477318534754726,0.98234981039662
"57","dep_t",2011,0.681047357704975,0.149458697250417,0.477121560212087,0.935955742652981
"58","dep_t",2012,0.706837057604318,0.164055243613795,0.477359480818418,0.996648179635796
"59","dep_t",2013,0.66768669849865,0.153686751329122,0.458606658406587,0.935984020190938
"60","dep_t",2014,0.460198494158311,0.0765823905529774,0.348721964328917,0.590742783896446
"61","growth_t",1996,0.144872171833983,0.0369029996995939,0.0897750012288157,0.203503795374649
"62","growth_t",1997,0.14964998664388,0.0610563794538612,0.0686212542466377,0.220024246889941
"63","growth_t",1998,0.172036443605798,0.0362968056901831,0.118518496164933,0.232039385208654
"64","growth_t",1999,0.153145472859918,0.0507893902508967,0.0748440561725052,0.22070983547861
"65","growth_t",2000,0.0166889895479212,0.186393599354225,-0.33553475115185,0.184225944567417
"66","growth_t",2001,0.164582464796356,0.047681990483682,0.100785902761958,0.226519903700393
"67","growth_t",2002,0.163747262762462,0.0465019585666201,0.1018513703991,0.226528283761385
"68","growth_t",2003,0.154876454419137,0.0516826216781439,0.0743725550238482,0.220239550287649
"69","growth_t",2004,0.1652473637446,0.0410233778372267,0.103413526851194,0.229072848951185
"70","growth_t",2005,0.100957410822859,0.0936728255295211,-0.0574785989143447,0.198814175778455
"71","growth_t",2006,0.0747915292777637,0.117581860215489,-0.126287669365395,0.192589350066714
"72","growth_t",2007,0.1328701028636,0.0798293207601656,0.0209435771310106,0.212958747172505
"73","growth_t",2008,0.149271173904699,0.0588999181221629,0.0664803099839261,0.218438926929214
"74","growth_t",2009,0.128481922541985,0.0728364222212859,0.00324016915142783,0.209675618677239
"75","growth_t",2010,0.132754512914304,0.0735696291508568,0.010976544827834,0.209078105826601
"76","growth_t",2011,0.140036767815491,0.0644993627416612,0.0382472605032167,0.212431090764783
"77","growth_t",2012,0.129133851183382,0.0756587311746885,0.00174582360923575,0.210759776938145
"78","growth_t",2013,0.141725839394237,0.0656801962883543,0.0413931730954723,0.214973495122781
"79","growth_t",2014,0.175221452156924,0.0346256384884085,0.124565240384233,0.233097356691982
"80","index_hat_t",1996,16816.8831977692,9411.27112826626,8603.15104698061,32678.9853749108
"81","index_hat_t",1997,15445.8516022897,11022.1644212014,6659.59550698009,32989.6702075861
"82","index_hat_t",1998,11455.620398101,7521.61719337981,4860.20721911203,24616.1179196932
"83","index_hat_t",1999,15311.2127824043,10277.8598112002,6721.91132619217,32869.3374854437
"84","index_hat_t",2000,21829.2343979682,15244.388848659,8952.63367803983,46833.5243187292
"85","index_hat_t",2001,13652.786312915,9803.82965337029,5461.96541464136,30269.3054271649
"86","index_hat_t",2002,13695.1833850365,9385.15410941093,5743.74062032037,30466.4947334115
"87","index_hat_t",2003,14840.8875229317,10019.123385233,6099.44583721138,32337.9090669676
"88","index_hat_t",2004,13717.0246319296,9154.46964627941,5969.06482579341,28967.0793464451
"89","index_hat_t",2005,18774.9304652936,12421.5143877851,8199.93278656798,40810.3034434976
"90","index_hat_t",2006,20073.1572979708,13395.0137937038,8779.37736739181,43031.1381109501
"91","index_hat_t",2007,16854.9982402077,11507.2680472576,7349.30670885719,35140.0478909555
"92","index_hat_t",2008,15633.7902205703,11000.3990866403,6574.28827893136,33110.0776213253
"93","index_hat_t",2009,17028.4017749657,11204.4431641773,7575.35079719575,36747.6289816017
"94","index_hat_t",2010,16934.5814674827,11705.3757078002,7426.50806104527,36828.3974412142
"95","index_hat_t",2011,16367.6509050551,10629.5968231146,7272.29227857056,35710.7518360295
"96","index_hat_t",2012,17095.9877024765,11677.5953533463,7436.17811639613,36581.8369989992
"97","index_hat_t",2013,16068.9440486324,10929.3986029312,7160.13692780963,34205.8589973125
"98","index_hat_t",2014,10952.8030415917,6457.02714540073,5297.52585659286,22295.6512258335
"99","k",1996,23487.2305609471,12247.4581182359,12805.1160518845,45840.0275711393
"100","log_b",1996,9.62590439585862,0.426871761494873,9.05988367131426,10.3944874978291
"101","log_b",1997,9.49417265578488,0.510836290143155,8.80381395400702,10.4039497628044
"102","log_b",1998,9.20324682611878,0.501987324145657,8.48883634876224,10.111154767821
"103","log_b",1999,9.49326403440731,0.49973436013026,8.81312781654066,10.4002924051535
"104","log_b",2000,9.83604169446517,0.520431877800266,9.09970302637265,10.7543545437014
"105","log_b",2001,9.35906709000727,0.534882736783008,8.60556397001825,10.3178891574816
"106","log_b",2002,9.36994198978302,0.523359399057252,8.65586595126861,10.3243825307466
"107","log_b",2003,9.45597778459917,0.512767549457013,8.71595317481565,10.3839954739597
"108","log_b",2004,9.3827404488264,0.502307364079265,8.69434517804485,10.273915268795
"109","log_b",2005,9.6993222133852,0.497454658570128,9.01188094401551,10.6166898196536
"110","log_b",2006,9.76199536937295,0.504269024328967,9.08016069018861,10.6696676765617
"111","log_b",2007,9.58624240990454,0.503521307022222,8.90236105402047,10.4670964367543
"112","log_b",2008,9.50483810184291,0.513752065753893,8.79092160275458,10.4075929499797
"113","log_b",2009,9.6006099330264,0.498479561076132,8.93265480650883,10.5118287626091
"114","log_b",2010,9.58862505499194,0.507125783301734,8.91281104486146,10.5140244959828
"115","log_b",2011,9.56402147920672,0.495335818337072,8.89182681338539,10.4832070325357
"116","log_b",2012,9.59838288230108,0.507885013602296,8.91411229217005,10.5073071383274
"117","log_b",2013,9.54209814816077,0.497789465315541,8.87628416959987,10.4401491506198
"118","log_b",2014,9.18172163676371,0.46112335077506,8.57499514892852,10.0121468398796
"119","log_b_div_bmsy",1996,0.347630775488647,0.0983504996725192,0.185825791616804,0.504705701658693
"120","log_b_div_bmsy",1997,0.215899035414916,0.229605315207571,-0.146386940237943,0.57300933439483
"121","log_b_div_bmsy",1998,-0.0750267942511834,0.219007892762282,-0.412004631822396,0.276286519256584
"122","log_b_div_bmsy",1999,0.214990414037337,0.216802543299634,-0.12793280649487,0.560173148552756
"123","log_b_div_bmsy",2000,0.557768074095198,0.257938362677779,0.154437582929841,0.976716894734395
"124","log_b_div_bmsy",2001,0.0807934696373059,0.24224489897756,-0.296344972667215,0.478007619313114
"125","log_b_div_bmsy",2002,0.0916683694130502,0.239685350965113,-0.28286008272902,0.474223379092742
"126","log_b_div_bmsy",2003,0.177704164229206,0.236653931651166,-0.187555701973033,0.564695461901493
"127","log_b_div_bmsy",2004,0.104466828456436,0.222502832698475,-0.255016304746756,0.462407174123205
"128","log_b_div_bmsy",2005,0.421048593015228,0.221209919863196,0.069281444734849,0.766743681036024
"129","log_b_div_bmsy",2006,0.483721749002977,0.223201492438836,0.131505795303331,0.841197306174374
"130","log_b_div_bmsy",2007,0.307968789534568,0.224973050122744,-0.0505810387213557,0.663873295337306
"131","log_b_div_bmsy",2008,0.226564481472946,0.227124763295197,-0.130981147389293,0.580259009531339
"132","log_b_div_bmsy",2009,0.322336312656435,0.229286905066045,-0.0425441471229386,0.688282870173032
"133","log_b_div_bmsy",2010,0.310351434621973,0.22511956681265,-0.0464240505853351,0.675339329446739
"134","log_b_div_bmsy",2011,0.285747858836747,0.215340612179122,-0.0468368011683435,0.626960077711965
"135","log_b_div_bmsy",2012,0.320109261931112,0.228093944594431,-0.0463382630958073,0.689789648671138
"136","log_b_div_bmsy",2013,0.263824527790799,0.224636238746549,-0.0864152411400081,0.626990269066098
"137","log_b_div_bmsy",2014,-0.0965519836062572,0.164789059347619,-0.360333193028851,0.166772596876067
"138","log_c_div_msy",1996,-0.51890356141547,0.375811783941826,-1.23519563846057,-0.0856110498120305
"139","log_c_div_msy",1997,-0.455417409590453,0.375811783941826,-1.17170948663555,-0.0221248979870138
"140","log_c_div_msy",1998,-1.12555617994062,0.375811783941826,-1.84184825698572,-0.692263668337184
"141","log_c_div_msy",1999,-0.578200455663542,0.375811783941826,-1.29449253270864,-0.144907944060103
"142","log_c_div_msy",2000,0.162438158504193,0.375811783941826,-0.553853918540907,0.595730670107632
"143","log_c_div_msy",2001,-0.727429058285372,0.375811783941826,-1.44372113533047,-0.294136546681933
"144","log_c_div_msy",2002,-0.763534062927488,0.375811783941826,-1.47982613997259,-0.330241551324049
"145","log_c_div_msy",2003,-0.454171303510206,0.375811783941826,-1.17046338055531,-0.0208787919067665
"146","log_c_div_msy",2004,-0.89771207697771,0.375811783941826,-1.61400415402281,-0.464419565374271
"147","log_c_div_msy",2005,-0.178390405038723,0.375811783941826,-0.894682482083822,0.254902106564716
"148","log_c_div_msy",2006,-0.0460806152299998,0.375811783941826,-0.762372692275099,0.387211896373439
"149","log_c_div_msy",2007,-0.168047106431922,0.375811783941826,-0.884339183477022,0.265245405171517
"150","log_c_div_msy",2008,-0.448376585308551,0.375811783941826,-1.16466866235365,-0.0150840737051122
"151","log_c_div_msy",2009,-0.2492077862726,0.375811783941826,-0.965499863317699,0.184084725330839
"152","log_c_div_msy",2010,-0.160591340300579,0.375811783941826,-0.876883417345678,0.27270117130286
"153","log_c_div_msy",2011,-0.266605461994849,0.375811783941826,-0.982897539039948,0.16668704960859
"154","log_c_div_msy",2012,-0.21824143652362,0.375811783941826,-0.934533513568719,0.215051075079819
"155","log_c_div_msy",2013,-0.107844444902443,0.375811783941826,-0.824136521947543,0.325448066700996
"156","log_c_div_msy",2014,-0.290283448405089,0.375811783941826,-1.00657552545019,0.14300906319835
"157","log_depletion",1996,-0.345516405071298,0.0983504996725192,-0.507321388943141,-0.188441478901253
"158","log_depletion",1997,-0.477248145145029,0.229605315207571,-0.839534120797888,-0.120137846165115
"159","log_depletion",1998,-0.768173974811129,0.219007892762282,-1.10515181238234,-0.416860661303362
"160","log_depletion",1999,-0.478156766522609,0.216802543299634,-0.821079987054815,-0.132974032007189
"161","log_depletion",2000,-0.135379106464748,0.257938362677779,-0.538709597630104,0.28356971417445
"162","log_depletion",2001,-0.612353710922639,0.24224489897756,-0.98949215322716,-0.215139561246831
"163","log_depletion",2002,-0.601478811146895,0.239685350965113,-0.976007263288965,-0.218923801467203
"164","log_depletion",2003,-0.515443016330739,0.236653931651166,-0.880702882532978,-0.128451718658452
"165","log_depletion",2004,-0.58868035210351,0.222502832698475,-0.948163485306701,-0.23074000643674
"166","log_depletion",2005,-0.272098587544718,0.221209919863196,-0.623865735825096,0.0735965004760781
"167","log_depletion",2006,-0.209425431556969,0.223201492438836,-0.561641385256614,0.148050125614429
"168","log_depletion",2007,-0.385178391025378,0.224973050122744,-0.743728219281301,-0.0292738852226397
"169","log_depletion",2008,-0.466582699086999,0.227124763295197,-0.824128327949239,-0.112888171028607
"170","log_depletion",2009,-0.37081086790351,0.229286905066045,-0.735691327682884,-0.00486431038691328
"171","log_depletion",2010,-0.382795745937972,0.22511956681265,-0.73957123114528,-0.017807851113206
"172","log_depletion",2011,-0.407399321723198,0.215340612179122,-0.739983981728289,-0.0661871028479807
"173","log_depletion",2012,-0.373037918628833,0.228093944594431,-0.739485443655753,-0.00335753188880728
"174","log_depletion",2013,-0.429322652769147,0.224636238746549,-0.779562421699953,-0.0661569114938475
"175","log_depletion",2014,-0.789699164166202,0.164789059347619,-1.0534803735888,-0.526374583683879
"176","log_ihat",1996,9.62590439585862,0.426871761494873,9.05988367131426,10.3944874978291
"177","log_ihat",1997,9.49417265578488,0.510836290143155,8.80381395400702,10.4039497628044
"178","log_ihat",1998,9.20324682611878,0.501987324145657,8.48883634876224,10.111154767821
"179","log_ihat",1999,9.49326403440731,0.49973436013026,8.81312781654066,10.4002924051535
"180","log_ihat",2000,9.83604169446517,0.520431877800266,9.09970302637265,10.7543545437014
"181","log_ihat",2001,9.35906709000727,0.534882736783008,8.60556397001825,10.3178891574816
"182","log_ihat",2002,9.36994198978302,0.523359399057252,8.65586595126861,10.3243825307466
"183","log_ihat",2003,9.45597778459917,0.512767549457013,8.71595317481565,10.3839954739597
"184","log_ihat",2004,9.3827404488264,0.502307364079265,8.69434517804485,10.273915268795
"185","log_ihat",2005,9.6993222133852,0.497454658570128,9.01188094401551,10.6166898196536
"186","log_ihat",2006,9.76199536937295,0.504269024328967,9.08016069018861,10.6696676765617
"187","log_ihat",2007,9.58624240990454,0.503521307022222,8.90236105402047,10.4670964367543
"188","log_ihat",2008,9.50483810184291,0.513752065753893,8.79092160275458,10.4075929499797
"189","log_ihat",2009,9.6006099330264,0.498479561076132,8.93265480650883,10.5118287626091
"190","log_ihat",2010,9.58862505499194,0.507125783301734,8.91281104486146,10.5140244959828
"191","log_ihat",2011,9.56402147920672,0.495335818337072,8.89182681338539,10.4832070325357
"192","log_ihat",2012,9.59838288230108,0.507885013602296,8.91411229217005,10.5073071383274
"193","log_ihat",2013,9.54209814816077,0.497789465315541,8.87628416959987,10.4401491506198
"194","log_ihat",2014,9.18172163676371,0.46112335077506,8.57499514892852,10.0121468398796
"195","log_sigma_ratio",1996,0.00246917494963722,0.0518585209697889,-0.0825746861628023,0.0842250663521628
"196","log_u_div_umsy",1996,-0.866534336904117,0.400672141735981,-1.62967234829892,-0.366860676430325
"197","log_u_div_umsy",1997,-0.671316445005369,0.498546426976624,-1.59889151879853,-0.0331795905728997
"198","log_u_div_umsy",1998,-1.05052938568944,0.487252290544592,-1.9506176902098,-0.421679348710524
"199","log_u_div_umsy",1999,-0.793190869700879,0.484510741225401,-1.68953035641545,-0.168049542274371
"200","log_u_div_umsy",2000,-0.395329915591005,0.518214561105903,-1.31853720104182,0.292085894183664
"201","log_u_div_umsy",2001,-0.808222527922678,0.514344025819034,-1.75565639501506,-0.116334658400122
"202","log_u_div_umsy",2002,-0.855202432340538,0.505718125592238,-1.81279964336815,-0.184875585940445
"203","log_u_div_umsy",2003,-0.631875467739412,0.500865043939315,-1.55261326984432,0.0445865696106305
"204","log_u_div_umsy",2004,-1.00217890543415,0.487495281222828,-1.91147688528891,-0.347626302623812
"205","log_u_div_umsy",2005,-0.59943899805395,0.482515777113016,-1.52404992855308,0.0349919528222531
"206","log_u_div_umsy",2006,-0.529802364232976,0.487103029643397,-1.44110948758932,0.0899655003004009
"207","log_u_div_umsy",2007,-0.47601589596649,0.487591409379573,-1.36813859032914,0.152730870230003
"208","log_u_div_umsy",2008,-0.674941066781498,0.499647396920083,-1.59644223959856,-0.0264752014985266
"209","log_u_div_umsy",2009,-0.571544098929035,0.486529341068749,-1.47611415784679,0.0457350617311388
"210","log_u_div_umsy",2010,-0.470942774922552,0.491146524527277,-1.38745027237513,0.162484387261587
"211","log_u_div_umsy",2011,-0.552353320831596,0.480377644174949,-1.46974944620148,0.0584008579721905
"212","log_u_div_umsy",2012,-0.538350698454732,0.4942227864662,-1.45463559815708,0.09666547701275
"213","log_u_div_umsy",2013,-0.371668972693242,0.488526436936851,-1.2611956412742,0.251471393337015
"214","log_u_div_umsy",2014,-0.193731464798832,0.443209368647538,-0.991034027112262,0.383091012957538
"215","m",1996,2,0,2,2
"216","msy",1996,4126.88850599595,2170.92084499381,2459.82576573999,7765.40177885051
"217","pen",1996,0,0,0,0
"218","plim",1996,0.05,0,0.05,0.05
"219","proc_errors",1996,0.857268543029288,0.18140012544937,0.594761248526311,1.1698193738479
"220","proc_errors",1997,0.722939078620403,0.139528377857749,0.520923629014284,0.959211311538668
"221","proc_errors",1998,1.09898220477758,0.206800705401211,0.811277223270047,1.44500102712777
"222","proc_errors",1999,1.33019046423074,0.272045498611578,0.955297239306086,1.79978233106695
"223","proc_errors",2000,0.808975731484926,0.163382692553911,0.574005380006883,1.08581584379008
"224","proc_errors",2001,0.907185037722062,0.189557366395893,0.650756357139525,1.23675831165659
"225","proc_errors",2002,0.972483236878421,0.18828266892696,0.702657530497656,1.31023340174055
"226","proc_errors",2003,0.891586656882388,0.173521738489526,0.641684670264373,1.19420985319681
"227","proc_errors",2004,1.20235256255173,0.230657410976901,0.869316132112187,1.59525474900124
"228","proc_errors",2005,1.16048466271525,0.225423805642244,0.831900651356014,1.55076046838638
"229","proc_errors",2006,0.970787961241475,0.19360506402591,0.696009495708787,1.28815155989285
"230","proc_errors",2007,0.970675307893266,0.18426616179757,0.703575082311263,1.27206694419363
"231","proc_errors",2008,1.0679867506151,0.210073278752539,0.761890291326874,1.42009617168767
"232","proc_errors",2009,1.02669208141587,0.203091595964169,0.750038790886108,1.364044705617
"233","proc_errors",2010,1.03049989039323,0.199400991062053,0.755454390516031,1.39808457003645
"234","proc_errors",2011,1.05676104615918,0.20629932792094,0.757612516198495,1.4059703541995
"235","proc_errors",2012,0.990621114649948,0.202636930958861,0.700609979403876,1.34365774630283
"236","proc_errors",2013,0.740476405551716,0.145761123323428,0.530396993999251,0.980281974548242
"237","r",1996,0.72236264444465,0.139862550530744,0.517776453437814,0.961194484693675
"238","sigma_obs",1996,0.252276622957948,0.0463121771132594,0.188620634373554,0.336586509837846
"239","sigma_proc",1996,0.252942175344057,0.0465251904143171,0.188166230551648,0.336718874994218
"240","sigma_ratio",1996,1.00381969010235,0.0520484602713672,0.920742669460152,1.08787371403916
"241","terminal_ref",1996,0.460198494158311,0.0765823905529774,0.348721964328917,0.590742783896446
"242","u_t",1996,0.161573445696389,0.0603093282217023,0.0690963929685509,0.262462049228136
"243","u_t",1997,0.2033631257237,0.0925725785190767,0.072931921026617,0.36128325645401
"244","u_t",1998,0.138677653724541,0.0617686590048646,0.0500080787301379,0.253281384222955
"245","u_t",1999,0.179125202961437,0.0790932807176429,0.0647415901276217,0.316576624870525
"246","u_t",2000,0.269073447960956,0.123130625833479,0.095294987599811,0.498512530030006
"247","u_t",2001,0.179448034927376,0.0859847373617823,0.0605564305757586,0.335593483453128
"248","u_t",2002,0.170283922563277,0.0795491179499509,0.0580309962287552,0.307813343824609
"249","u_t",2003,0.211871290088372,0.0971105030935599,0.0744946126998403,0.394953932554718
"250","u_t",2004,0.145566812113967,0.0647977108291357,0.0533709312820819,0.259002237689978
"251","u_t",2005,0.217329058513175,0.0964125204479878,0.0777744837183368,0.387076570125029
"252","u_t",2006,0.233490195887326,0.103146051492775,0.0841967858281973,0.412671698855522
"253","u_t",2007,0.246204490430089,0.108196753499439,0.0912634454678464,0.436367873178289
"254","u_t",2008,0.202692315753165,0.0908533064978319,0.0731801401485559,0.368557006677913
"255","u_t",2009,0.223310713776906,0.0970208626935324,0.0804678123823739,0.390345063116599
"256","u_t",2010,0.247825631089633,0.109766843185421,0.0877312135662574,0.435063154799211
"257","u_t",2011,0.227516869329121,0.0992905745202083,0.0813760620937275,0.399598911868937
"258","u_t",2012,0.231816630985844,0.103236968723904,0.0833747087756579,0.410156939635354
"259","u_t",2013,0.272800270725888,0.120338246962893,0.0995741948647011,0.475689430871936
"260","u_t",2014,0.321208179319933,0.131531958359758,0.127289418935678,0.535721807186731
"261","umsy",1996,0.361181322222325,0.0699312752653721,0.258888226718907,0.480597242346837
"262","b",1996,15152.2512287999,0.426871761494873,8603.14980270135,32678.9852643406
"263","b",1997,13282.1014972377,0.510836290143155,6659.59502086083,32989.6700548642
"264","b",1998,9929.3155395506,0.501987324145657,4860.20719529358,24616.0701758631
"265","b",1999,13270.0385770216,0.49973436013026,6721.91132567908,32869.2354032325
"266","b",2000,18695.5665989596,0.520431877800266,8952.63361258388,46833.5236931239
"267","b",2001,11603.5584154668,0.534882736783008,5461.96541464136,30269.2963961296
"268","b",2002,11730.4345826796,0.523359399057252,5743.74060992195,30466.4857552995
"269","b",2003,12784.3594475796,0.512767549457013,6099.44568557803,32337.9089899994
"270","b",2004,11881.5309068391,0.502307364079265,5969.06261439945,28967.0793348115
"271","b",2005,16306.5510895354,0.497454658570128,8199.93038855342,40810.3016381798
"272","b",2006,17361.2392211414,0.504269024328967,8779.37667337923,43030.6390316146
"273","b",2007,14563.0446418084,0.503521307022222,7349.30517717406,35140.0377759846
"274","b",2008,13424.5191582154,0.513752065753893,6574.28826655892,33110.0767966945
"275","b",2009,14773.7898404246,0.498479561076132,7575.34979227024,36747.6208073451
"276","b",2010,14597.7845786169,0.507125783301734,7426.50803096107,36828.3974342714
"277","b",2011,14243.0091478849,0.495335818337072,7272.2921768536,35710.749630304
"278","b",2012,14740.9244710508,0.507885013602296,7436.17804472381,36581.8369613947
"279","b",2013,13934.152892639,0.497789465315541,7160.13539433959,34205.7538668304
"280","b",2014,9717.86901971433,0.46112335077506,5297.52573948169,22295.6493026835
"281","b_div_bmsy",1996,1.41570943860293,0.0983504996725192,1.20421245819814,1.65649794412058
"282","b_div_bmsy",1997,1.24097707793952,0.229605315207571,0.863823390481042,1.77359637312449
"283","b_div_bmsy",1998,0.927718628469572,0.219007892762282,0.662321208290812,1.31822550691599
"284","b_div_bmsy",1999,1.23985001175318,0.216802543299634,0.879912501563488,1.75097565295034
"285","b_div_bmsy",2000,1.7467694862312,0.257938362677779,1.16700143497375,2.65572289570362
"286","b_div_bmsy",2001,1.08414696417741,0.24224489897756,0.743530885939842,1.61285777220518
"287","b_div_bmsy",2002,1.09600129425316,0.239685350965113,0.753625225668177,1.60676586484421
"288","b_div_bmsy",2003,1.19447190144461,0.236653931651166,0.828982940908911,1.75891204541999
"289","b_div_bmsy",2004,1.11011856890898,0.222502832698475,0.774903863246828,1.58789172003342
"290","b_div_bmsy",2005,1.52355831090221,0.221209919863196,1.07173780166696,2.15274480421904
"291","b_div_bmsy",2006,1.62210023184522,0.223201492438836,1.14054451750466,2.3191420382321
"292","b_div_bmsy",2007,1.36065852148869,0.224973050122744,0.95067688391147,1.94230088856624
"293","b_div_bmsy",2008,1.25428348527301,0.227124763295197,0.877234312392141,1.78650109164118
"294","b_div_bmsy",2009,1.38034892671734,0.229286905066045,0.958348156273165,1.99029500242267
"295","b_div_bmsy",2010,1.36390435312741,0.22511956681265,0.954637061942789,1.96469954327952
"296","b_div_bmsy",2011,1.33075687436088,0.215340612179122,0.954243116245162,1.87191145585119
"297","b_div_bmsy",2012,1.37727824019537,0.228093944594431,0.954718961372666,1.99329619663684
"298","b_div_bmsy",2013,1.30189972903504,0.224636238746549,0.917213287442752,1.87196797224601
"299","b_div_bmsy",2014,0.90796269719759,0.164789059347619,0.697443903905663,1.18148556124994
"300","c_div_msy",1996,0.595172760728562,0.375811783941826,0.290777869468063,0.917951199085723
"301","c_div_msy",1997,0.634183198544252,0.375811783941826,0.309836826368538,0.978118062444751
"302","c_div_msy",1998,0.324471952372392,0.375811783941826,0.158524161787062,0.500441951317327
"303","c_div_msy",1999,0.560906835620186,0.375811783941826,0.27403689381224,0.865101927216306
"304","c_div_msy",2000,1.17637556737448,0.375811783941826,0.574730571937983,1.81435615656314
"305","c_div_msy",2001,0.483149544028102,0.375811783941826,0.236047756747103,0.745174733358782
"306","c_div_msy",2002,0.466016581473914,0.375811783941826,0.227677268919192,0.718750097424073
"307","c_div_msy",2003,0.634973950662137,0.375811783941826,0.31022315657598,0.979337661026353
"308","c_div_msy",2004,0.40750092475038,0.375811783941826,0.199088833568479,0.62849980238553
"309","c_div_msy",2005,0.836615740722966,0.375811783941826,0.408737359473708,1.29033529933485
"310","c_div_msy",2006,0.954964974366511,0.375811783941826,0.466558113854204,1.4728685537146
"311","c_div_msy",2007,0.845314014019707,0.375811783941826,0.412986991755571,1.30375088373247
"312","c_div_msy",2008,0.63866412721227,0.375811783941826,0.312026030877377,0.985029121073829
"313","c_div_msy",2009,0.779418004195907,0.375811783941826,0.380792807802065,1.20211766859897
"314","c_div_msy",2010,0.851640030962792,0.375811783941826,0.416077633415107,1.31350767238528
"315","c_div_msy",2011,0.765975218191852,0.375811783941826,0.37422519427555,1.18138449271174
"316","c_div_msy",2012,0.803931319850361,0.375811783941826,0.392769044232769,1.23992522462863
"317","c_div_msy",2013,0.897767237839452,0.375811783941826,0.438613562182561,1.38465092297873
"318","c_div_msy",2014,0.748051503519778,0.375811783941826,0.365468376240196,1.15374025819543
"319","depletion",1996,0.707854719301467,0.0983504996725192,0.602106229099072,0.828248972060291
"320","depletion",1997,0.62048853896976,0.229605315207571,0.431911695240521,0.886798186562245
"321","depletion",1998,0.463859314234786,0.219007892762282,0.331160604145406,0.659112753457996
"322","depletion",1999,0.619925005876588,0.216802543299634,0.439956250781744,0.875487826475171
"323","depletion",2000,0.8733847431156,0.257938362677779,0.583500717486875,1.32786144785181
"324","depletion",2001,0.542073482088706,0.24224489897756,0.371765442969921,0.806428886102591
"325","depletion",2002,0.548000647126582,0.239685350965113,0.376812612834089,0.803382932422103
"326","depletion",2003,0.597235950722307,0.236653931651166,0.414491470454455,0.879456022709996
"327","depletion",2004,0.55505928445449,0.222502832698475,0.387451931623414,0.793945860016708
"328","depletion",2005,0.761779155451105,0.221209919863196,0.53586890083348,1.07637240210952
"329","depletion",2006,0.81105011592261,0.223201492438836,0.57027225875233,1.15957101911605
"330","depletion",2007,0.680329260744345,0.224973050122744,0.475338441955735,0.97115044428312
"331","depletion",2008,0.627141742636507,0.227124763295197,0.43861715619607,0.893250545820589
"332","depletion",2009,0.690174463358668,0.229286905066045,0.479174078136583,0.995147501211336
"333","depletion",2010,0.681952176563703,0.22511956681265,0.477318530971394,0.982349771639761
"334","depletion",2011,0.665378437180442,0.215340612179122,0.477121558122581,0.935955727925595
"335","depletion",2012,0.688639120097684,0.228093944594431,0.477359480686333,0.996648098318422
"336","depletion",2013,0.65094986451752,0.224636238746549,0.458606643721376,0.935983986123004
"337","depletion",2014,0.453981348598795,0.164789059347619,0.348721951952832,0.590742780624969
"338","ihat",1996,15152.2512287999,0.426871761494873,8603.14980270135,32678.9852643406
"339","ihat",1997,13282.1014972377,0.510836290143155,6659.59502086083,32989.6700548642
"340","ihat",1998,9929.3155395506,0.501987324145657,4860.20719529358,24616.0701758631
"341","ihat",1999,13270.0385770216,0.49973436013026,6721.91132567908,32869.2354032325
"342","ihat",2000,18695.5665989596,0.520431877800266,8952.63361258388,46833.5236931239
"343","ihat",2001,11603.5584154668,0.534882736783008,5461.96541464136,30269.2963961296
"344","ihat",2002,11730.4345826796,0.523359399057252,5743.74060992195,30466.4857552995
"345","ihat",2003,12784.3594475796,0.512767549457013,6099.44568557803,32337.9089899994
"346","ihat",2004,11881.5309068391,0.502307364079265,5969.06261439945,28967.0793348115
"347","ihat",2005,16306.5510895354,0.497454658570128,8199.93038855342,40810.3016381798
"348","ihat",2006,17361.2392211414,0.504269024328967,8779.37667337923,43030.6390316146
"349","ihat",2007,14563.0446418084,0.503521307022222,7349.30517717406,35140.0377759846
"350","ihat",2008,13424.5191582154,0.513752065753893,6574.28826655892,33110.0767966945
"351","ihat",2009,14773.7898404246,0.498479561076132,7575.34979227024,36747.6208073451
"352","ihat",2010,14597.7845786169,0.507125783301734,7426.50803096107,36828.3974342714
"353","ihat",2011,14243.0091478849,0.495335818337072,7272.2921768536,35710.749630304
"354","ihat",2012,14740.9244710508,0.507885013602296,7436.17804472381,36581.8369613947
"355","ihat",2013,13934.152892639,0.497789465315541,7160.13539433959,34205.7538668304
"356","ihat",2014,9717.86901971433,0.46112335077506,5297.52573948169,22295.6493026835
"357","sigma_ratio",1996,1.00247222587267,0.0518585209697889,0.920742668551936,1.08787371002538
"358","u_div_umsy",1996,0.420406013055827,0.400672141735981,0.195993781303384,0.692906176481641
"359","u_div_umsy",1997,0.51103538479311,0.498546426976624,0.202120440573551,0.96736481438678
"360","u_div_umsy",1998,0.349752546100818,0.487252290544592,0.142186217421508,0.655944335072715
"361","u_div_umsy",1999,0.452398943665009,0.484510741225401,0.184606202756127,0.845311954970457
"362","u_div_umsy",2000,0.673457818359654,0.518214561105903,0.267526353152164,1.3392180437398
"363","u_div_umsy",2001,0.445649492174419,0.514344025819034,0.172793784080585,0.890177268143274
"364","u_div_umsy",2002,0.425197108723732,0.505718125592238,0.163196604346633,0.831207691342533
"365","u_div_umsy",2003,0.53159387834422,0.500865043939315,0.211694036706056,1.04559548958698
"366","u_div_umsy",2004,0.367078739301577,0.487495281222828,0.14786185026719,0.706362792821156
"367","u_div_umsy",2005,0.549119606867915,0.482515777113016,0.217827910664994,1.03561137501728
"368","u_div_umsy",2006,0.588721310569193,0.487103029643397,0.236665036045001,1.09413653567227
"369","u_div_umsy",2007,0.621253606742457,0.487591409379573,0.254580397198752,1.16501139749813
"370","u_div_umsy",2008,0.509186427718336,0.499647396920083,0.202616096716891,0.973872194107129
"371","u_div_umsy",2009,0.564652885303046,0.486529341068749,0.22852397337556,1.04679703762016
"372","u_div_umsy",2010,0.62441330948904,0.491146524527277,0.24971118913821,1.17642995101222
"373","u_div_umsy",2011,0.575593658728777,0.480377644174949,0.229983101108056,1.06013987606722
"374","u_div_umsy",2012,0.583710172997667,0.4942227864662,0.233485430922243,1.10149183764261
"375","u_div_umsy",2013,0.689582475376096,0.488526436936851,0.283315080707263,1.28591611376884
"376","u_div_umsy",2014,0.823879115109713,0.443209368647538,0.371192669227935,1.46681152284836
